{"x": 0.0, "y": 0.0, "z": -1.7797309528617689, "roll": 0.0, "pitch": 0.0, "yaw": 0.0, "servo0": 0.9528240966796875, "servo1": 0.0, "state": 0, "mode": true}